Time,VIX3M/VIX,rsi,atr,macd,bb_high,bb_mid,bb_low,SPY Trailing 7-day Return %,Label
2017-01-25 12:00:00-05:00,1.2639925373134329,74.4236945748327,-0.9144700729670865,0.3210878731757208,5.43861468230505,5.428928101985248,5.4192415216654455,1.2644237145762474,1
2017-02-15 10:00:00-05:00,1.1382252559726962,80.22319178237272,-1.0432399221196849,0.4424983155556076,5.460038251706303,5.4536082948994355,5.447178338092568,2.1051712089447907,1
2017-03-01 11:00:00-05:00,1.2195121951219512,77.08738440924516,-0.8584812404992833,0.237499350576151,5.479180287119754,5.47189315403574,5.464606020951726,1.3887124772428983,0
2017-03-22 11:00:00-04:00,1.199501246882793,34.62210304981005,-0.6846536971514947,-0.6648439836022284,5.4799158364176765,5.467950483275835,5.455985130133994,-1.0218300046446884,1
2017-04-25 15:00:00-04:00,1.1859389454209066,76.01555764540254,-0.8861093538855607,0.5903827310047779,5.4842997540423335,5.471062149661426,5.457824545280519,2.151319447414568,1
2017-06-02 12:00:00-04:00,1.2548028311425683,84.53239010541104,-1.0226798564033268,0.3420888060482661,5.501599747969857,5.49352952066339,5.485459293356923,1.5223359121537414,1
2017-07-27 12:00:00-04:00,1.277599142550911,62.83401337991307,-1.1038617246687503,0.09623640530391397,5.517759239703259,5.515334459270113,5.512909678836967,0.413239881699948,0
2017-08-18 11:00:00-04:00,1.0985221674876846,30.7328172227176,-0.7286396872554071,-0.551952085396185,5.520364627471002,5.50805174218806,5.495738856905119,-0.7466949567488218,1
2017-09-01 11:00:00-04:00,1.3418719211822658,74.69604844351151,-0.9471949534186035,0.4238896694250545,5.5194818007641,5.510723999607083,5.501966198450066,1.3738959764474914,1
2017-10-02 12:00:00-04:00,1.315010570824524,73.33128953545989,-1.0212484856190511,0.27100381220433484,5.53306476777933,5.528254873579227,5.523444979379124,1.0432968179447029,1
2017-10-20 13:00:00-04:00,1.2002022244691606,73.38993481443397,-1.0715405092574175,0.16013302629699966,5.55239052156414,5.548171701233019,5.543952880901898,0.8596325953838898,1
2017-11-28 14:00:00-05:00,1.224086870681145,74.1373689542578,-1.017322731284434,0.29044201913609213,5.571479601996356,5.566610077152004,5.5617405523076515,1.394268009295129,1
2017-12-12 12:00:00-05:00,1.3115789473684212,74.3351087682664,-0.9679953540647452,0.35823686286377016,5.592238802325414,5.585633296726334,5.579027791127253,0.6636000301636342,1
2018-01-04 11:00:00-05:00,1.3388338833883389,77.39633226209982,-0.9373616407691913,0.5120834636062958,5.609158105979319,5.5989708583976325,5.588783610815946,1.6583685845842875,1
2018-01-12 12:00:00-05:00,1.2027695351137488,81.92906193351422,-0.8914503907360862,0.549779034400042,5.629293542230488,5.620717696944096,5.612141851657705,2.08961812964462,1
2018-01-23 12:00:00-05:00,1.1886792452830188,74.78023950287816,-0.7986722151387392,0.6577111789861629,5.6511046663807525,5.641702733990471,5.632300801600189,1.8623481781376559,0
2018-02-02 16:00:00-05:00,0.9895104895104895,21.58124193693141,-0.2755994831910241,-1.0757240707293703,5.655612671153663,5.639908963014392,5.624205254875121,-3.2448377581120975,0
2018-02-05 16:00:00-05:00,0.7537513397642015,8.21149787316777,0.6080210218751959,-2.240331446359859,5.662219090087454,5.626657758011736,5.591096425936017,-7.422203532380154,1
2018-02-07 11:00:00-05:00,0.8948763250883393,48.452378403763255,1.3680534891012437,-1.833678869175941,5.639354496626189,5.602716535150996,5.566078573675804,-3.6059400312633345,0
2018-02-08 12:00:00-05:00,0.8145591465327895,31.37980377119682,1.1641334282034086,-1.537522493742537,5.614560967932319,5.591605616201732,5.568650264471144,-6.547830409772033,0
2018-02-09 10:00:00-05:00,0.8588394977943672,32.4500242366344,1.3115127295125317,-2.0954987612825806,5.616207024960228,5.586826250811322,5.557445476662417,-8.030565677291538,1
2018-02-12 15:00:00-05:00,0.9007293354943274,55.65640916002044,1.2801546187887367,-0.48888830090360513,5.59864604724179,5.571046215969374,5.543446384696958,-3.358845079618409,1
2018-02-15 11:00:00-05:00,0.9858728557013118,67.02356581619135,0.34164251599030415,0.8489220679451235,5.605658296406664,5.591004880601385,5.576351464796105,0.4791086350975006,1
2018-02-26 10:00:00-05:00,1.0410469958358122,66.1943101339673,-0.13912879358780822,0.3514800553128515,5.621234727231576,5.611137121512931,5.601039515794286,1.7499169343227412,0
2018-03-01 11:00:00-05:00,0.9695407685098407,36.4877978066473,0.07692591034933767,-0.4051944821462799,5.6373129517053835,5.621893587974089,5.6064742242427945,-0.8161622076638795,0
2018-03-02 11:00:00-05:00,0.9350921273031826,31.97010904534589,0.3623771934172021,-1.3572972729684312,5.635537432535881,5.609668461386855,5.583799490237829,-1.8116875943587347,1
2018-03-05 14:00:00-05:00,1.0337982832618025,53.716907294016735,0.18788578330048064,-0.41804187807820986,5.613033712422848,5.59898229465694,5.584930876891032,-1.1613091120899914,1
2018-03-09 14:00:00-05:00,1.1247524752475246,75.58072529223911,-0.3398193165425668,0.8791277957410832,5.632098507488979,5.615928017524462,5.599757527559945,3.809808389048664,0
2018-03-19 13:00:00-04:00,0.9430408819476345,19.516646033634444,-0.3834528641920948,-0.8864086128362879,5.631062083827927,5.617706602670552,5.604351121513177,-3.2495776268018335,0
2018-03-23 10:00:00-04:00,0.9442429737080689,25.898306586677283,0.0010540258009173662,-1.3278185900496247,5.619112493309475,5.598963757690255,5.578815022071034,-4.225301030030478,0
2018-03-26 10:00:00-04:00,0.9359584595413241,34.38751256001763,0.40417393492794973,-1.8392703386802765,5.617270700680656,5.586778445528725,5.5562861903767935,-4.829142254084951,0
2018-04-02 13:00:00-04:00,0.9509151414309485,29.823774759246813,0.44784959910278527,-0.8334749570358342,5.583317774921782,5.5680127302101745,5.552707685498567,-3.409390910805191,1
2018-04-05 10:00:00-04:00,1.021276595744681,63.11552934692013,0.4872523512727915,0.3530561380286131,5.582729384629981,5.562617483575035,5.542505582520088,-0.31588447653430796,0
2018-04-06 16:00:00-04:00,0.9865053513261983,42.407132159767215,0.3928400965950724,-0.16969603826569518,5.594009113021234,5.575746440786611,5.557483768551989,-1.0700685453160708,1
2018-04-10 12:00:00-04:00,0.9703016241299304,52.43488944017678,0.37634557933391505,0.20896669996019962,5.5913653113206285,5.576168352140378,5.560971392960128,3.205981366945889,1
2018-04-18 11:00:00-04:00,1.0649594003747658,69.48651741763554,-0.38934062868460595,0.8053209561845492,5.610440703214683,5.595661309708821,5.5808819162029595,2.351653329306946,0
2018-04-24 14:00:00-04:00,0.9895887558563249,23.503450599586223,-0.2346447984128586,-0.7398759216468613,5.599962496280621,5.588593041162582,5.577223586044544,-2.0686043466876045,1
2018-05-07 11:00:00-04:00,1.1105157401205625,65.79706615451084,-0.27250264240855576,0.40544295249831214,5.597222853352094,5.5798610397293285,5.562499226106563,0.32998350082495703,1
2018-05-11 12:00:00-04:00,1.1457399103139012,69.10018064709197,-0.588157444431718,0.9092771138270789,5.617934048302405,5.602145811558982,5.586357574815559,3.5643564356435475,1
2018-06-07 11:00:00-04:00,1.1879637262984335,78.74786122019447,-0.7860472605783096,0.5849821629905135,5.630408494160917,5.62314681789992,5.615885141638924,1.7819168438806239,0
2018-06-25 13:00:00-04:00,0.9934604904632152,21.534536602690437,-0.4526101397675823,-0.7992557885376492,5.630553131895451,5.617343716005074,5.604134300114697,-2.457330494713673,1
2018-07-09 11:00:00-04:00,1.171826625386997,74.32093428301624,-0.5309035226746603,0.7282362221139072,5.630074325397899,5.6154453112281395,5.60081629705838,3.043252080856123,1
2018-07-26 10:00:00-04:00,1.1866883116883116,66.6949153740338,-0.7254242901593654,0.4055868415646765,5.651992630364453,5.644182296398981,5.6363719624335085,0.8272696543258156,1
2018-08-27 11:00:00-04:00,1.220213640098603,73.47109167034557,-0.7991111980586089,0.40082028758741745,5.670088113943157,5.662615759401522,5.655143404859887,1.9259885215309416,0
2018-10-10 16:00:00-04:00,0.9015679442508711,15.055206542170405,0.006582928246205752,-1.3497559054633672,5.677917812650488,5.658269699301718,5.638621585952947,-4.971903875386431,0
2018-10-11 16:00:00-04:00,0.8630904723779023,17.085591921659386,0.6324062423851682,-2.3253103603268404,5.680882147082941,5.643549674739196,5.6062172023954515,-6.026716371543951,1
2018-10-16 12:00:00-04:00,1.0108166576527855,53.872090913142046,0.39989044351792125,-0.6286464476999125,5.632520617505738,5.621863829731448,5.611207041957159,-3.0115238658914576,0
2018-10-23 11:00:00-04:00,0.9623753399818678,33.62181659825833,0.40826541649016945,-0.9730559862683544,5.637684959849203,5.622573821278433,5.607462682707663,-1.8272786599956568,0
2018-10-26 12:00:00-04:00,0.9299180327868853,40.74292275015649,0.793369176726015,-1.2233053311193767,5.621012683984446,5.600714058934065,5.580415433883683,-3.4895927601809906,1
2018-10-31 11:00:00-04:00,0.9812271062271062,60.74871589634252,0.972005159222384,-0.051967623596900936,5.607253924527928,5.589515566199596,5.571777207871264,-0.2422285022204371,1
2018-11-07 11:00:00-05:00,1.055299539170507,74.99360704218682,-0.11440424723256665,0.8157663355422844,5.629332807762469,5.61552098838944,5.60170916901641,5.436510941167568,0
2018-11-13 10:00:00-05:00,0.9815602836879433,32.46835201167121,0.032516541415782994,-0.747841926875556,5.6464694048130575,5.6264173342443815,5.6063652636757055,-0.21282841626302074,0
2018-11-20 11:00:00-05:00,0.9752496743378202,28.974883541580866,0.4575851800950407,-1.0158547896915573,5.624654501241473,5.6056116489508065,5.58656879666014,-3.1238582389477574,1
2018-11-28 14:00:00-05:00,1.0491803278688523,75.875750345965,-0.19135732511346834,0.8067557223496383,5.612140941343579,5.594411757024769,5.576682572705959,1.6220238095238146,1
2018-12-03 11:00:00-05:00,1.069468768242849,72.36298305096852,-0.13150284500439247,1.2177715679734962,5.63115022227959,5.619221113945303,5.607292005611017,5.580848319295864,0
2018-12-04 15:00:00-05:00,1.0009685230024215,34.540910512213614,0.18572525906782647,-0.013536600243856502,5.643466596306818,5.623685205992927,5.603903815679035,1.3968991086810045,0
2018-12-06 11:00:00-05:00,0.9243892981775882,20.085258896992002,0.5444562706719589,-1.0587524891794085,5.65279215638097,5.619372231195241,5.585952306009512,-1.6358463726884798,1
2018-12-07 10:00:00-05:00,1.0108644307982992,42.95395074999439,0.8006773142911857,-1.2272392454714227,5.648412705127896,5.609269241337588,5.570125777547281,-1.5234389339598524,0
2018-12-07 15:00:00-05:00,0.9593843522873023,34.22992320723744,0.7752507023646484,-1.4653878532526332,5.626519459804229,5.596724126232094,5.566928792659959,-3.336140916248586,1
2018-12-12 14:00:00-05:00,1.001410437235543,51.166668684985304,0.6011973104726706,-0.013144258755573335,5.601334895972342,5.582171415705064,5.563007935437786,-4.4801776313433335,0
2018-12-14 13:00:00-05:00,1.015632183908046,35.38270729335081,0.31040966081271776,-0.6743147982316763,5.599693793369293,5.584634586785219,5.569575380201145,-2.224132775119613,0
2018-12-17 15:00:00-05:00,0.9404104183109707,22.276356715574,0.3501451665929438,-1.5248777622959089,5.5957384612526715,5.570978092491076,5.546217723729481,-2.927387078330488,0
2018-12-20 11:00:00-05:00,0.9224170085788885,28.296442095159236,0.9385355841710251,-1.661864863369763,5.566673064900919,5.545792858076704,5.52491265125249,-7.376957702466431,0
2018-12-21 14:00:00-05:00,0.9094138543516875,25.289138147889606,1.114259558443666,-2.2937246490943464,5.564338471894773,5.5266727207683415,5.48900696964191,-8.301616610769868,0
2018-12-24 11:00:00-05:00,0.8318505338078293,17.407702660649967,1.2431001488878044,-2.877528056941711,5.5544099057576215,5.512297484518529,5.470185063279436,-9.404748250946207,1
2018-12-27 10:00:00-05:00,0.827027027027027,45.54997986237104,1.3946750005607946,-1.4569824533157885,5.52060439861308,5.485574570159425,5.45054474170577,-5.60538994868581,1
2018-12-28 10:00:00-05:00,0.8630271330500163,58.608663322848244,1.4351022232230066,-0.11008386366697658,5.520255708443384,5.485175989798167,5.45009627115295,-2.9434820098769268,0
2019-01-04 10:00:00-05:00,0.9920774647887324,58.69909867022033,1.097862158380792,-0.057167560591792684,5.534969237970195,5.51798499541007,5.501000752849945,4.982221292616606,1
2019-01-07 13:00:00-05:00,1.0156620787850024,67.53272871842569,0.4575557699769234,1.1294817567209106,5.553653483147511,5.525108122845457,5.496562762543403,4.465598954077467,1
2019-01-16 11:00:00-05:00,1.0351541373715523,66.48509597927806,-0.3162494110395219,0.5557356228260425,5.570092713880747,5.560470025695334,5.550847337509921,2.25272791270679,1
2019-01-18 13:00:00-05:00,1.054494382022472,76.85251457341263,-0.37672324324554424,1.0145972659272735,5.58828701918126,5.573544980448551,5.558802941715841,2.9443606696825615,0
2019-01-23 13:00:00-05:00,0.9971428571428572,46.80034815075065,-0.2131391659390379,-0.0025111503470644785,5.592448269933287,5.579233338115014,5.56601840629674,1.624597727889573,1
2019-01-30 16:00:00-05:00,1.057757644394111,69.39863438949516,-0.34259192505905306,0.4585867173190729,5.593114302957193,5.581175054354456,5.5692358057517195,1.9701242283362392,1
2019-02-05 12:00:00-05:00,1.0854591836734693,72.5842519231823,-0.6091202849637345,0.7893800376860611,5.612768043690257,5.6049134460628895,5.597058848435522,3.6318691766495577,1
2019-02-19 16:00:00-05:00,1.105510752688172,65.61344459240378,-0.6685598514326545,0.6264075178624295,5.635518921096205,5.625938289355648,5.616357657615092,2.6868209032448958,1
2019-03-18 11:00:00-04:00,1.1347150259067358,58.38234761428881,-0.6959680192403919,0.32410369802767264,5.646101727520966,5.643534353293186,5.640966979065405,3.255370628345206,1
2019-04-05 11:00:00-04:00,1.1606456571867794,73.85094251952953,-0.7419554955642563,0.4808269189957079,5.667118442720948,5.662348943245468,5.657579443769988,2.853983090150191,1
2019-04-29 14:00:00-04:00,1.1722265321955003,73.52799799007924,-0.8915553038776631,0.32409722891585174,5.688631910791357,5.682999955007322,5.677367999223287,1.4827074928450783,0
2019-05-07 13:00:00-04:00,0.928605425987625,29.395833878093907,-0.1589118063244246,-0.6829371665001415,5.693039144646668,5.679581588412656,5.666124032178645,-2.380061881608922,0
2019-05-13 11:00:00-04:00,0.9557392996108949,35.06030578774501,0.4685338399318391,-0.8771489371717547,5.675077732919036,5.6590003640586515,5.642922995198267,-4.398817010572117,1
2019-05-16 11:00:00-04:00,1.0846905537459284,64.32096950869392,-0.09123499945372211,0.2512319526363907,5.668209798786155,5.653231897320933,5.638253995855711,-0.04502788265040888,0
2019-05-23 11:00:00-04:00,1.0476190476190477,29.0167501309049,-0.36341612549421914,-0.39723279014444046,5.666774719698534,5.657157899406926,5.647541079115317,-0.9582982308340418,0
2019-05-31 11:00:00-04:00,1.0232945091514143,36.340206278774055,-0.240299538752018,-0.8383959937218676,5.64566506358875,5.634582246361649,5.623499429134548,-2.9357155368716046,1
2019-06-05 13:00:00-04:00,1.051359516616314,69.58426074394,-0.18932199245717488,0.5806823967051084,5.651233821860468,5.630701085933697,5.6101683500069255,0.4552406017711607,1
2019-06-07 12:00:00-04:00,1.05259900990099,81.73530422846859,-0.3206439726766633,1.2768241521901489,5.66644586509288,5.649875159194329,5.633304453295777,3.522606836839156,1
2019-06-20 11:00:00-04:00,1.0935203740814963,69.94133181939341,-0.4952599449519918,0.6485273030179182,5.691199367042726,5.680944143766828,5.67068892049093,2.202032111523398,1
2019-07-11 13:00:00-04:00,1.1652574942352036,59.4707056673854,-0.7399460272210967,0.32977023218855417,5.70659241730196,5.699869199953332,5.693145982604704,1.2712295332045154,0
2019-08-02 11:00:00-04:00,0.9743589743589745,22.61973024128309,0.04904600372921554,-1.1980745499859793,5.721856309088766,5.702313064585988,5.682769820083211,-2.623060236943086,0
2019-08-05 14:00:00-04:00,0.903308981521272,17.201773630321878,0.2993065488022535,-2.373932177019777,5.71733750967037,5.6826246290515385,5.6479117484327075,-6.172389814232255,1
2019-08-08 11:00:00-04:00,1.0399100618324901,59.766399758333755,0.3278521469960011,-0.4299074058861034,5.67540038857196,5.660443255141301,5.645486121710642,-3.1501295939389973,0
2019-08-14 14:00:00-04:00,0.9696412143514259,35.19755519482094,0.32045406652281583,-0.7205836030644375,5.692428101098971,5.672717044155512,5.653005987212053,-0.993780186941872,1
2019-08-19 11:00:00-04:00,1.0842533410807669,69.01353290543734,0.04916038032383069,0.3247276895841257,5.679995891527661,5.6618596877623215,5.643723483996982,0.17810658994384118,0
2019-08-23 16:00:00-04:00,1.0246602918973327,24.626688554036587,-0.02443343684180276,-0.9058953670063443,5.694404256833757,5.674731025287929,5.6550577937421,-1.2756074733959606,1
2019-08-29 11:00:00-04:00,1.0697020798201238,70.95745657292728,-0.12217496714154154,0.24176861400973682,5.677283964873693,5.666904412377525,5.6565248598813564,-0.11963766877457621,1
2019-09-05 12:00:00-04:00,1.126875,76.11038242129521,-0.3329333404413021,0.9395535724683903,5.700216704981286,5.68318877691571,5.666160848850134,3.7350614961151276,0
2019-10-02 11:00:00-04:00,0.9956331877729258,20.072057762469306,-0.19326680598031892,-1.0399266014374806,5.70630619429041,5.689682092064446,5.673057989838482,-2.311550976138826,1
2019-10-07 10:00:00-04:00,1.065008479366874,59.473178706300956,-0.29671584929065953,0.11416735951151266,5.691470867053658,5.674911364218485,5.658351861383313,-0.7969203754980799,1
2019-10-15 12:00:00-04:00,1.2056892778993435,67.99090226448975,-0.35334448462730395,0.7242793490048812,5.708119140786764,5.695919038283487,5.683718935780209,1.6310996330025866,1
2019-11-01 11:00:00-04:00,1.2395833333333333,69.36708722980197,-0.542426247418183,0.22606565864548045,5.723894653834671,5.717954594642291,5.71201453544991,1.808212785814283,1
2019-11-18 10:00:00-05:00,1.1879815100154083,63.6466155501356,-0.8137848281970408,0.39205662973606425,5.7466686337813275,5.739741089700717,5.732813545620106,0.9210611662450645,1
2019-12-16 11:00:00-05:00,1.257459505541347,71.46006335021538,-0.49142179040213835,0.6559477780991101,5.7711202856225094,5.760967165907214,5.750814046191919,1.5006345177665033,1
2020-01-03 10:00:00-05:00,1.1534545454545455,53.06731194812709,-0.5611761193424831,0.26250011800764494,5.785441764429587,5.777897494110819,5.770353223792052,0.4825353340389622,1
2020-01-16 11:00:00-05:00,1.1836065573770491,64.57082626035064,-0.5916767349346792,0.3835817494134139,5.80072822712392,5.796372196424247,5.792016165724575,1.5024630541871906,0
2020-01-31 14:00:00-05:00,0.9941458222458754,34.80978020298245,-0.08373145929006065,-0.7800788767861313,5.801002528919403,5.789142585460127,5.77728264200085,-2.827515524205702,1
2020-02-04 12:00:00-05:00,1.0459119496855345,64.6449596428746,0.008179149342495258,0.2568460262424643,5.801492281885857,5.786805961302558,5.772119640719258,1.5205146357228594,1
2020-02-11 12:00:00-05:00,1.092783505154639,68.93546433218661,-0.5044992626532847,0.7107879104680492,5.821125884441657,5.813430341929509,5.805734799417361,3.6449981497471478,0
2020-02-24 11:00:00-05:00,0.9110915492957746,15.358012257581871,0.22789747757336173,-1.4616331187458427,5.840100661553626,5.81626049711687,5.7924203326801145,-3.9194193452821855,0
2020-02-25 14:00:00-05:00,0.8345737483085252,10.600939614963057,0.7214895493993231,-3.1938169868958046,5.833564129687184,5.790214591690828,5.746865053694472,-7.40521327014218,0
2020-02-27 11:00:00-05:00,0.822835867204468,24.080314416097472,1.590238533323251,-3.5583983474192493,5.792609745365452,5.75723360193155,5.721857458497649,-9.933286102255277,0
2020-02-28 10:00:00-05:00,0.7238193018480492,15.340505628186541,2.357786921452586,-4.580000353522417,5.786822972395257,5.737061232367002,5.687299492338747,-14.484879242917286,1
2020-02-28 14:00:00-05:00,0.7256020278833967,26.299948966971105,2.515719517026066,-5.031734693613259,5.783939366036609,5.7217353191777836,5.659531272318958,-13.888064573565199,1
2020-03-02 10:00:00-05:00,0.771952479338843,39.072401725886785,2.8416406099424387,-4.404563404690693,5.769945858226322,5.711064663103012,5.652183467979702,-11.320585330819654,1
2020-03-02 13:00:00-05:00,0.8071913929784825,46.69589804247722,2.7710213386959377,-2.901068402963381,5.754247280751232,5.705380757780153,5.656514234809074,-9.522236569472383,1
2020-03-03 12:00:00-05:00,0.8251768867924527,51.91714699682816,3.3004644270788575,-0.6901149081592348,5.746971145345355,5.7031309698053105,5.659290794265266,-5.565512978986417,0
2020-03-03 15:00:00-05:00,0.8089980678995308,50.34031820222267,3.4053648562872674,-0.6179611707094743,5.747134929355786,5.703494176440271,5.659853423524757,-5.0455851130260925,1
2020-03-04 14:00:00-05:00,0.8650895140664961,57.08933615049828,2.8464122263045435,0.3643122966051268,5.745089328127121,5.719489499285857,5.693889670444594,-0.9849696194435511,0
2020-03-05 14:00:00-05:00,0.8100314998788466,44.2118705944194,2.625147518001864,0.022050729285651074,5.74928650051295,5.726677145951851,5.704067791390752,-3.264009243212003,0
2020-03-06 11:00:00-05:00,0.8135228251507322,37.482388429925805,2.7861460661533433,-1.038764277222098,5.7508833708378075,5.7212664013778,5.691649431917793,-3.8668273772681383,0
2020-03-06 16:00:00-05:00,0.8454935622317598,45.0904609120823,2.713507731744472,-1.8208227307089886,5.75574901973156,5.7142075956772285,5.672666171622897,2.097493992447653,1
2020-03-09 11:00:00-04:00,0.7878953107960741,30.706673583970545,3.848688796033668,-3.0304370698831895,5.7644487904177035,5.705539884769836,5.646630979121968,-4.023636301533618,1
2020-03-11 10:00:00-04:00,0.8195028680688337,42.29960119841114,4.242620126946044,-2.8472898714396933,5.699694938496405,5.649499639762892,5.599304341029379,-8.750286331358996,0
2020-03-11 16:00:00-04:00,0.823191094619666,39.96434099325179,3.5440731292319123,-2.972653699510551,5.658540803866209,5.631992131290021,5.605443458713833,-10.373660830938086,1
2020-03-12 11:00:00-04:00,0.7914527333131984,26.73339603587151,4.729905292080844,-4.501605205216942,5.679524503573081,5.622400278467995,5.5652760533629095,-17.697711307500573,0
2020-03-12 16:00:00-04:00,0.7584470650589639,27.313300939008624,5.101088732173581,-6.011090835388942,5.69107167882743,5.599148121836019,5.507224564844608,-19.438220490339337,0
2020-03-13 11:00:00-04:00,0.772385049744555,36.25815506730458,5.658816287663766,-5.59896786255332,5.686584181067979,5.591503485474585,5.4964227898811915,-16.70626278624695,0
2020-03-16 10:00:00-04:00,0.8056588735387885,38.51584850288381,7.498203010692594,-3.8991318241365223,5.640362014555426,5.564717669416251,5.489073324277077,-16.13717364983544,1
2020-03-16 12:00:00-04:00,0.7918942955151823,42.996039188216265,7.345074015584073,-3.728285045890405,5.619316096139216,5.555837058833051,5.4923580215268855,-14.333424209378409,0
2020-03-16 14:00:00-04:00,0.818809980806142,40.56784861968683,6.738446307796227,-3.9758442388578272,5.599776196964961,5.546048314541646,5.492320432118331,-17.084159913923546,0
2020-03-17 10:00:00-04:00,0.8293413173652695,40.410348503322716,6.549098996291999,-4.451879306723439,5.58862403607082,5.535149874319346,5.481675712567872,-13.256227758007118,1
2020-03-17 12:00:00-04:00,0.8548823370300244,45.70839759399285,6.536992739241238,-3.829917538638398,5.585294873205655,5.53259835829776,5.4799018433898645,-8.88888888888889,0
2020-03-18 11:00:00-04:00,0.9010843692144934,39.845805252720744,6.682852816912069,-3.083938345608112,5.583725971367738,5.526165563646243,5.468605155924749,-14.63868796103989,0
2020-03-18 15:00:00-04:00,0.9673735725938011,37.42641072660073,6.152608334354933,-4.33209366343466,5.563377397597959,5.503830565621526,5.4442837336450935,-16.8513537744307,1
2020-03-19 10:00:00-04:00,0.9867575212136795,46.151075810632385,6.527205568651068,-3.614889430098092,5.556035490041828,5.500060177294213,5.444084864546597,-12.978539846867246,1
2020-03-19 15:00:00-04:00,0.9507657077429512,48.37551275338714,5.839588694491889,-2.0988600583247785,5.549086814957349,5.496673409981907,5.4442600050064645,-4.707811219112309,0
2020-03-20 14:00:00-04:00,0.9910941475826972,40.98169478103266,5.12559294351977,-2.163083666968718,5.5285845458879415,5.484179574791097,5.439774603694252,-5.3327421500261964,0
2020-03-20 16:00:00-04:00,0.9931859479103573,35.97680277131152,4.979450468739979,-2.583092848765743,5.516679796550316,5.476763848221212,5.436847899892109,-9.30158855920454,0
2020-03-23 12:00:00-04:00,0.9438465138043987,33.16598309983615,4.924730506257168,-3.661958928138551,5.528853387932966,5.468053944236589,5.407254500540211,-12.868150350060617,1
2020-03-23 14:00:00-04:00,0.9244847739157183,35.66943331358879,4.9442079625297115,-3.749093493060461,5.531907749068075,5.465404447305996,5.398901145543918,-17.38135655767954,1
2020-03-24 11:00:00-04:00,0.8667021654242101,53.82944626344723,5.153005356284832,-2.4055618055449584,5.524690279850472,5.454840393693709,5.384990507536945,-4.284624342448695,1
2020-03-25 10:00:00-04:00,0.8679571923197985,56.10608463449921,4.662791160306715,0.2570525350974563,5.521316035397013,5.453711809576208,5.386107583755403,-3.265338709033563,1
2020-03-25 14:00:00-04:00,0.8494208494208494,65.42042300645475,4.348049507353117,2.1073828586095313,5.557656664995597,5.466290497344488,5.374924329693379,-0.25178016444391454,0
2020-03-26 10:00:00-04:00,0.8548959918822931,63.2167339999546,4.70904891007381,2.58274982961999,5.576284023592873,5.4828856356587945,5.389487247724716,6.879812520924003,0
2020-03-27 10:00:00-04:00,0.8391469916222392,54.77925761491888,4.011404625827414,3.1304594168516804,5.583618048799774,5.52632594428168,5.469033839763586,5.08643617021277,1
2020-03-30 13:00:00-04:00,0.8895348837209304,59.37181544231882,2.8649963928456352,2.1843280426417655,5.57615055679078,5.550017763306466,5.523884969822151,11.280030833797282,0
2020-04-01 11:00:00-04:00,0.9158587890982257,39.75231263618653,2.340707981647715,0.2491440634901835,5.585016762759312,5.556366855982118,5.527716949204923,4.17258374404812,1
2020-04-06 11:00:00-04:00,0.9722785665990534,66.74347868508205,1.993641871523482,0.15254764280531755,5.553183572622125,5.522576923690861,5.491970274759597,2.396222703128075,1
2020-04-07 10:00:00-04:00,0.9150553986530523,76.53206058425941,2.048209450511549,2.2429703103001573,5.599490023864489,5.542010569264289,5.484531114664089,3.735621128765429,0
2020-04-07 16:00:00-04:00,0.9297644539614561,58.608959275018854,1.9845359004158396,2.719084395833552,5.63562788904597,5.564856607541222,5.4940853260364735,0.8521646503842384,1
2020-04-08 13:00:00-04:00,0.9551237566504742,67.21410121488903,1.7285858182782423,2.6716350737629173,5.636264395930485,5.582527244239485,5.528790092548486,5.7260828918666205,1
2020-04-09 11:00:00-04:00,0.9541791388441169,74.27167739590028,1.765578952526078,3.1191867718695905,5.6371969463891505,5.601493535267489,5.565790124145827,12.706377468436377,0
2020-04-13 12:00:00-04:00,0.9448673587081892,56.71212677284697,1.5517903760649312,2.1129319772735937,5.648623247981331,5.615796243277555,5.582969238573779,10.673340868722763,1
2020-04-14 11:00:00-04:00,0.9624678663239075,64.85958869267444,1.5832962561318813,1.8364450283289113,5.648258412708124,5.625079577150801,5.601900741593479,13.822456424807468,0
2020-04-21 12:00:00-04:00,0.9419766206163657,32.39863333059924,1.053871793189982,-0.4373844474442978,5.671486495870167,5.6441135287051765,5.616740561540186,-0.22296951531543127,1
2020-04-22 15:00:00-04:00,0.9736842105263159,53.878476003496665,0.711675645116959,-0.32824739777283074,5.663898288592822,5.634373444737616,5.604848600882409,1.4273810817664945,1
2020-04-27 12:00:00-04:00,1.0719292898506552,69.56869278858608,0.37175150854633016,0.9003009754509584,5.661336452381136,5.6441111726341635,5.626885892887191,1.1536833192209928,1
2020-04-29 13:00:00-04:00,1.0498729351969502,72.64704123147081,0.46616696390518597,1.6438079027146926,5.686475164691549,5.665843809626319,5.645212454561088,7.191424977669199,0
2020-05-01 11:00:00-04:00,0.9957750198045947,36.76538305374424,0.6529061291737123,0.14023706878423584,5.694989574588573,5.67396372767458,5.652937880760587,1.2772029967891487,1
2020-05-08 11:00:00-04:00,1.1196698762035764,65.1351058018584,0.24175171328192957,0.575668631619382,5.677435364811248,5.665520993869363,5.6536066229274775,0.6004762397763775,0
2020-05-13 11:00:00-04:00,1.026564344746163,28.12690966978823,0.3426251946404806,-0.4331207101547449,5.694004392218982,5.676835265076251,5.65966613793352,-1.559846095185275,0
2020-05-14 11:00:00-04:00,1.0390817163159334,33.875168573025434,0.8539350208666976,-1.8324883002688146,5.701314095175878,5.66273571616261,5.624157337149342,-2.375222350109868,1
2020-05-18 10:00:00-04:00,1.0932377049180326,68.68353510337646,1.0869195114039292,0.12121550234527764,5.672486069065737,5.649700136360123,5.6269142036545094,0.5725845162174995,1
2020-05-26 11:00:00-04:00,1.0940325497287524,69.30321910749433,0.242283922930537,0.6964980615122566,5.706620656544068,5.693397021133292,5.680173385722515,5.613283718317773,1
2020-06-03 10:00:00-04:00,1.1223709369024857,73.93528073254694,0.004555966446985884,0.9825597162129258,5.739265919121123,5.725102951633852,5.710939984146582,3.522439738979885,1
2020-06-05 11:00:00-04:00,1.1175020542317173,79.53890933634024,0.32485433420153564,1.5531278329501865,5.765045310497157,5.744242942693954,5.723440574890751,4.559240778788774,0
2020-06-11 11:00:00-04:00,1.0271197007481299,29.18356748274535,0.8436000023424944,-0.4255705017817157,5.793762847754423,5.7709215393444655,5.748080230934508,-0.882655026319168,0
2020-06-11 16:00:00-04:00,0.9911743074282913,20.500665039997386,1.0345328980604758,-2.581586105761848,5.806292012756158,5.7561000861431575,5.705908159530157,-3.4620078360845183,0
2020-06-12 11:00:00-04:00,1.0049516623437869,31.94530769011545,1.6060905724105263,-2.658357821858861,5.803297597079525,5.7507022214769625,5.6981068458744,-2.6277654332914593,1
2020-06-16 11:00:00-04:00,1.0575962386129885,56.59252513083041,2.3201624910903336,-0.43652599299034966,5.746797428639495,5.721899684272997,5.697001939906499,-2.6814911706997906,0
2020-06-26 12:00:00-04:00,1.0447284345047922,33.68717296074706,0.7991882664644967,-1.1717441876292898,5.747754001829516,5.726080044949989,5.704406088070463,-3.078307252337645,1
2020-07-01 11:00:00-04:00,1.077715044835603,61.75016661622025,0.3714815480961376,0.5875472215661638,5.742625028657004,5.722818452173761,5.7030118756905175,-1.5849777211966778,1
2020-07-06 12:00:00-04:00,1.109273903666427,67.29036085383339,0.3367315256364295,1.4295488998109498,5.763446921657452,5.746308637428365,5.729170353199279,3.954505111600549,1
2020-07-20 13:00:00-04:00,1.1834078893859292,65.04508494789854,-0.16989377061778144,0.5742067887161503,5.782015134931237,5.775671658357687,5.769328181784136,1.8749606100712315,1
2020-08-05 10:00:00-04:00,1.2330306960657156,73.9126256080068,-0.1863075590685946,0.9224023498861182,5.811369961000644,5.795779703843616,5.780189446686587,2.8946879067749256,1
2020-08-18 14:00:00-04:00,1.2758298270219728,60.679645384031275,-0.5776823892569364,0.2633697210717015,5.829178853908018,5.8246847748963075,5.820190695884597,0.9685879477856589,1
2020-08-26 13:00:00-04:00,1.2639524245196707,84.83369137922035,-0.6060676767374829,1.0347261493960582,5.85196356312185,5.840666395213433,5.829369227305016,2.34226256364844,1
2020-09-03 14:00:00-04:00,1.1345277862131795,32.66617921794669,0.5719940479497526,-0.24390799189882686,5.886917749317174,5.86677992429439,5.846642099271605,-0.5754236556664845,0
2020-09-04 12:00:00-04:00,1.1326243353143572,35.80918185912994,1.4202370628094279,-1.7793697551530627,5.8959180958919255,5.85969640069183,5.823474705491735,-2.544434585992726,0
2020-09-11 15:00:00-04:00,1.1639835267690004,42.69979446472808,1.1361308595703647,-1.4278725467251308,5.844342443515308,5.824700398251513,5.805058352987717,-5.105888356533323,1
2020-09-15 11:00:00-04:00,1.18622848200313,58.877176895616415,0.7907809411628822,0.1250855850574721,5.840009024138422,5.822557284712242,5.805105545286062,0.6659987033653704,0
2020-09-17 14:00:00-04:00,1.139687158966897,36.18620034367246,0.6849123066448533,-0.7394036863291185,5.846396337377704,5.829790261251783,5.813184185125862,-1.7159676232523868,0
2020-09-21 11:00:00-04:00,1.0986473111184427,24.1429633038507,0.9432410436566551,-2.1345600804952065,5.842717943241324,5.8126474805070085,5.782577017772693,-2.7706593505984496,1
2020-09-22 16:00:00-04:00,1.1790766939687267,50.75620451711133,0.6457657629997386,-0.9180254984894495,5.8145908297450655,5.795622933546028,5.77665503734699,-3.2991803278688634,0
2020-09-23 16:00:00-04:00,1.16445066480056,31.6504880934858,0.597308882082295,-1.1568552118791966,5.807620426507027,5.792066810713611,5.776513194920195,-5.701844112575618,1
2020-09-28 11:00:00-04:00,1.1970149253731341,66.8528691497147,0.816982794938523,0.45379541178601246,5.809865553894352,5.789944007627055,5.7700224613597575,1.4160690409626915,1
2020-10-06 12:00:00-04:00,1.1013874066168623,62.438633991350464,0.1608360237062987,0.8063964238067917,5.835361514700393,5.823616497427658,5.811871480154922,1.512705530642751,1
2020-10-09 13:00:00-04:00,1.126821583300512,71.98165072316485,-0.050423528496039226,1.2395053370176246,5.8556270626814095,5.837487463503075,5.819347864324741,3.10342775529636,0
2020-10-26 12:00:00-04:00,0.9920483460559797,31.449263266011553,0.25143672345911633,-0.6677462797158724,5.853190682828675,5.841989910549682,5.8307891382706885,-3.1434128482352293,0
2020-10-28 11:00:00-04:00,0.9453441295546557,20.42218503963054,0.6747765084944578,-1.7493397013269336,5.85496907519991,5.829047224386672,5.803125373573434,-5.216211535130764,1
2020-11-03 11:00:00-05:00,0.951044947036931,64.01458513484562,1.1647182387325588,0.15239863932190686,5.823344571902381,5.799791073148976,5.77623757439557,0.41046995835811884,1
2020-11-04 12:00:00-05:00,1.022680412371134,74.73757489294115,1.2596556240312946,2.0173504355765743,5.852901668632427,5.813723203014729,5.774544737397031,2.4210433192769245,1
2020-11-09 11:00:00-05:00,1.0834414180717682,76.98114183756029,1.3834120775221097,2.6815530054196617,5.885617795322297,5.861717584089198,5.837817372856099,10.968139141142064,0
2020-11-10 12:00:00-05:00,1.0537761961249505,56.04280294860063,1.2657275870729607,1.7878426330963317,5.89688132556066,5.87218641368905,5.847491501817441,7.682256054942726,1
2020-11-16 12:00:00-05:00,1.1055363321799307,67.64431555447366,0.19107836633548242,1.051927299563046,5.894069743234865,5.878589151110164,5.863108558985464,3.0438751640326234,1
2020-12-04 12:00:00-05:00,1.1658630665380907,67.00235447130238,-0.31859812620494377,0.6854168369209092,5.913483311886678,5.908194242629027,5.902905173371376,1.9053404760589923,1
2021-01-06 12:00:00-05:00,1.1220594762538838,67.79937093643336,0.2611150708076896,0.4496167178398642,5.932936178567647,5.918775356532998,5.904614534498349,0.89415176413726,1
2021-01-20 13:00:00-05:00,1.188878676470588,71.99609680876965,-0.1443065650828537,0.6076381343424404,5.952454574960556,5.938944383368973,5.9254341917773905,1.5202390080109984,0
2021-01-27 16:00:00-05:00,0.9602257457672667,29.51072310403575,0.5065159939070898,-1.24755987534326,5.965035227339785,5.946017321485483,5.926999415631181,-2.1263248689833607,1
2021-02-02 12:00:00-05:00,1.1372245844607654,64.27413985504829,0.7244900626993553,0.2571720580346578,5.9526506469519775,5.9319588473877465,5.911267047823515,-0.21906947631962628,1
2021-02-09 14:00:00-05:00,1.2699240986717268,70.1192077059132,-0.4455330128088067,1.0422769920222783,5.972338798733906,5.965709744572275,5.959080690410644,3.8398149871075766,0
2021-02-23 11:00:00-05:00,1.1544117647058825,31.756116680768205,0.25788795386698926,-0.8567858489876498,5.977547075984504,5.966711404902226,5.955875733819947,-1.589737686886896,0
2021-03-04 14:00:00-05:00,1.0489168413696714,30.139716553079754,1.3621411320820005,-1.4706125281737488,5.974498656081144,5.954388281502208,5.934277906923272,-3.9896875638145795,1
2021-03-05 15:00:00-05:00,1.1270673658733361,54.082626137670474,1.4631157927662732,-1.0296971197040063,5.963144183492449,5.944021277212813,5.924898370933177,1.2521794262165034,1
2021-03-10 16:00:00-05:00,1.1826241134751774,58.10447397039813,0.586638286498347,0.9857150892452532,5.97541498094622,5.963753893215698,5.952092805485177,0.8283288465520783,1
2021-03-16 11:00:00-04:00,1.2445459157787926,68.66974781941742,-0.12453738475041068,0.9991999717838437,5.987007364845886,5.979339060888953,5.97167075693202,2.5715170918103842,0
2021-03-25 10:00:00-04:00,1.1409610983981693,29.768148082688604,0.18315464427738828,-0.785491179899191,5.982419942302176,5.972119397217054,5.961818852131932,-2.1493929485717085,1
2021-03-29 10:00:00-04:00,1.1192145862552596,55.30669120596574,0.5057348016692828,0.33738773535139827,5.982814377302913,5.969263082825561,5.95571178834821,0.6374318408724392,1
2021-04-05 11:00:00-04:00,1.1692650334075723,79.4851149358859,-0.05059236300707755,1.4364986388271757,6.004972489665372,5.98963470234452,5.974296915023668,4.6237557377894705,1
2021-04-14 11:00:00-04:00,1.2361275088547816,74.32412403957473,-0.6368106745849698,0.8016666867252991,6.027698907012625,6.022551631434581,6.017404355856537,1.7460473821602658,1
2021-05-07 12:00:00-04:00,1.2354312354312353,67.03328887002515,0.04617636586062571,0.631372534157831,6.0473574966622206,6.035596875409779,6.023836254157338,0.6558706384602542,0
2021-05-11 12:00:00-04:00,1.0964630225080387,34.72442556506026,0.28703668287887446,-0.5196439435379325,6.057428464941791,6.041536651705208,6.025644838468625,-1.315224137107937,0
2021-05-13 10:00:00-04:00,1.092783505154639,44.94046482374147,0.7248671481465913,-1.851501650170042,6.050418491212722,6.026027028341254,6.001635565469786,-1.4262086818955364,1
2021-05-24 12:00:00-04:00,1.1817226890756303,63.898698079673885,0.18083273386825904,0.7446081591950408,6.043517739235286,6.031237181564481,6.018956623893676,0.5351186619633723,1
2021-06-25 13:00:00-04:00,1.2402597402597404,65.24792174731746,-0.5915807247390495,0.6566474334845575,6.058955520555545,6.053404446578135,6.047853372600724,0.8471367723615674,1
2021-07-09 14:00:00-04:00,1.2520024645717807,63.39927388715607,-0.16967979641119163,0.4223544535582977,6.081470103943601,6.072578911610341,6.063687719277081,1.6586459842078267,0
2021-07-19 11:00:00-04:00,1.076889661164205,17.733355142962797,0.20964609960634367,-1.30029162963045,6.088926414968271,6.07349405475283,6.058061694537389,-2.419280654953542,1
2021-07-21 11:00:00-04:00,1.206086492258409,58.71844864646461,0.1732981262812876,-0.058859931425752486,6.082181050487966,6.063319792293059,6.044458534098151,-0.7514490595431808,1
2021-08-06 12:00:00-04:00,1.2713085234093637,66.77751289263591,-0.5576244907727373,0.3968269499600826,6.095129346294057,6.090530918936495,6.085932491578934,0.271917699576259,1
2021-08-30 11:00:00-04:00,1.2576312576312578,73.97323353411255,-0.45735970886165234,0.6814503522201004,6.116726893318146,6.1093196075248315,6.101912321731517,2.120842922250796,0
2021-09-17 13:00:00-04:00,1.1145075206210577,33.82127031156096,0.0916994583179003,-0.6464160015882485,6.109514920964686,6.10112709207055,6.092739263176415,-1.6573602367021842,0
2021-09-20 13:00:00-04:00,1.022872140982377,15.876525764715504,0.456341839241708,-2.0423784550901765,6.116831691523725,6.09438925539115,6.071946819258574,-3.3343776574318653,1
2021-09-23 11:00:00-04:00,1.1597222222222223,62.07700825877256,0.7911633048537099,0.16373731699466662,6.096612684975207,6.0805953704341,6.064578055892993,-0.9052099863659755,0
2021-09-28 13:00:00-04:00,1.041173893999124,27.498954765469435,0.3360858621375437,-0.8212657405418493,6.108052480600848,6.092707708131789,6.0773629356627294,0.8725719987932493,1
2021-10-14 14:00:00-04:00,1.211367673179396,70.8496308588732,0.18358115566548905,0.7819629404179957,6.0949747646788,6.080117181833754,6.065259598988708,1.7451886597226953,1
2021-10-20 11:00:00-04:00,1.2919896640826873,82.50891074304259,-0.35419717140541634,1.60534924138523,6.117770620205873,6.107618387222711,6.09746615423955,4.092018606364847,1
2021-11-02 11:00:00-04:00,1.2644110275689222,68.49437973184695,-0.3043288322825366,0.6576200415025908,6.13630819695843,6.130831357250191,6.125354517541952,1.3575206865520955,1
2021-11-22 11:00:00-05:00,1.2343927355278093,62.589837958614595,-0.13055420006000923,0.4456818454405549,6.159346140605293,6.153460006567701,6.147573872530109,1.1807058521010545,0
2021-11-26 11:00:00-05:00,0.988575508746876,28.512414048786745,0.7657995106567443,-0.8409292235830018,6.161731239744851,6.149051704005538,6.136372168266226,-2.0217330970730827,0
2021-12-02 10:00:00-05:00,1.0279889426399447,41.37225127190818,1.8339452077057998,-1.463729147455325,6.152955240546386,6.133595240480959,6.114235240415533,-2.6972108145106,1
2021-12-07 11:00:00-05:00,1.142152466367713,68.69401579816007,1.5111149158616215,0.8749373620559104,6.147502004245521,6.1275724050221125,6.107642805798704,0.4806351249865914,0
2021-12-20 11:00:00-05:00,1.1123941493456504,28.484153252777585,1.4219146260571707,-1.6617509082077893,6.165721386131935,6.142246098633779,6.118770811135622,-3.7082028003324665,1
2021-12-21 14:00:00-05:00,1.1935330480266286,55.427279057670845,0.937401906683825,-0.7927646449401944,6.149358586443378,6.130192060653238,6.111025534863098,-0.9365422944214664,1
2021-12-23 16:00:00-05:00,1.2925472747497218,67.41096682982938,0.10450793000121918,1.6054914762466468,6.164347831605322,6.147240323792827,6.130132815980333,-0.023370442763663984,0
2022-01-10 11:00:00-05:00,1.126715462031107,25.000030939245566,0.8849808971279742,-2.0354933089141376,6.165632840793741,6.14988929773802,6.134145754682299,-3.413671481357069,1
2022-01-11 13:00:00-05:00,1.1913279132791328,53.60086394740106,1.0163307720603478,-0.9136748259360054,6.157793844357696,6.143954642237405,6.130115440117115,-1.9522413070800155,0
2022-01-18 11:00:00-05:00,1.1137078651685395,31.95803666685169,1.1186005215474861,-1.4103529673593183,6.164322455691616,6.145641986833757,6.126961517975898,-2.042695330064442,0
2022-01-21 10:00:00-05:00,1.0385585585585586,24.18339556248102,1.3853171607064143,-2.269216087909735,6.138725196024302,6.121778141056021,6.10483108608774,-5.97753381606609,0
2022-01-24 11:00:00-05:00,0.976156276931916,18.83712085487436,2.250161242528508,-4.382209001278795,6.146152043933644,6.105380816837665,6.0646095897416865,-8.70029242886721,1
2022-01-25 10:00:00-05:00,1.0027075812274366,39.59914626473886,3.7844377616434133,-4.023724099191733,6.134031242919556,6.088525161376536,6.043019079833516,-6.466542670530727,1
2022-01-25 16:00:00-05:00,1.0192554557124518,43.37638694244737,3.23297212453031,-2.57799610791512,6.105272181211105,6.077002041528024,6.048731901844943,-5.042733174495615,1
2022-01-31 11:00:00-05:00,1.054932735426009,61.4690928053621,3.0060083571965173,0.42664688015099833,6.100045256546662,6.079898968216089,6.0597526798855155,0.4909502262443475,1
2022-02-02 11:00:00-05:00,1.1270842721946823,71.98807647845497,1.6439154573114036,2.440340778584848,6.130867311935574,6.104414818575305,6.077962325215036,4.77431556611389,0
2022-02-04 12:00:00-05:00,1.1100041511000414,45.56550076956225,1.1793054832253895,0.0272512735013758,6.131104201305413,6.115193598885137,6.0992829964648605,3.8434758390196357,1
2022-02-09 12:00:00-05:00,1.1732477788746296,65.97871608663188,0.8620948864555753,0.8076225726200132,6.124107913133345,6.112083170061581,6.100058426989817,1.3307562427797053,0
2022-02-11 14:00:00-05:00,1.0026854649211145,25.504102605197794,1.2040089253725652,-1.017059141970956,6.136681575556559,6.116824819177498,6.096968062798436,-1.2335452673054514,0
2022-02-18 14:00:00-05:00,1.0525172039116262,39.25371684502635,1.0532430712038494,-1.727812634048697,6.109850860756573,6.0903103655270945,6.070769870297616,-2.928609578066589,0
2022-02-23 16:00:00-05:00,0.9961290322580645,28.750820386395908,1.5747841980391506,-2.5801752701335876,6.08521739752016,6.066437534856704,6.047657672193249,-5.168887790188102,1
2022-02-25 12:00:00-05:00,1.0276548672566372,62.786995373791484,2.2606678589302387,-0.5318966115577203,6.0841997174795095,6.055909730971064,6.027619744462618,-2.1448742659913025,0
2022-03-07 11:00:00-05:00,1.0036014405762304,36.73371650404329,1.707006784301292,-0.9926339712710484,6.094629719821689,6.075415460275574,6.0562012007294586,-2.327286054608765,0
2022-03-09 10:00:00-05:00,1.0135886349598517,50.63705966073483,2.6343242727365226,-1.9516225812575325,6.076461218674461,6.052273612003275,6.0280860053320895,-1.0896080663522518,1
2022-03-16 12:00:00-04:00,1.0839442815249267,67.14269235783172,1.3338332814699123,1.1246523142589775,6.073591073572921,6.050068492270255,6.02654591096759,2.8967942777025257,1
2022-03-18 14:00:00-04:00,1.1166803615447822,69.52109934700376,1.0536418637287854,2.5392448263937237,6.101514306718545,6.080149699329036,6.058785091939527,3.922720755869978,1
2022-03-25 11:00:00-04:00,1.1395759717314489,57.121712511305724,0.7310729748652344,1.0846823057851618,6.115237517421369,6.106762209626575,6.09828690183178,2.3662434176032088,1
2022-03-30 10:00:00-04:00,1.228466386554622,67.55450615137629,0.4694670715500908,1.9976260230020737,6.140350627684464,6.122861265741063,6.105371903797662,2.684728514360961,0
2022-04-01 10:00:00-04:00,1.2050657574281538,34.91973292215897,0.45690799846407587,-0.09707402152325792,6.139965671016253,6.128484597206571,6.117003523396888,0.8630905797911492,0
2022-04-11 12:00:00-04:00,1.1225263157894736,33.25397078086262,0.7173652755837596,-1.061130949264577,6.1149128202907335,6.103734111561117,6.0925554028315005,-2.3000199040184075,0
2022-04-22 12:00:00-04:00,1.093688749509996,25.94766292312794,1.1349224499639878,-1.4070968930839998,6.116837609477564,6.094426709517593,6.072015809557621,-2.561957308248911,0
2022-04-25 11:00:00-04:00,1.0176297747306564,15.863175519713351,1.4961959430830623,-3.1591254978026218,6.120768390350245,6.081517493946319,6.042266597542394,-4.375,0
2022-05-02 10:00:00-04:00,0.9949837710239008,37.19487621092643,1.8330447025198198,-1.689834303614804,6.0652641563877046,6.043747635513121,6.022231114638537,-3.8221438351395944,1
2022-05-04 16:00:00-04:00,1.1041666666666665,68.29272387494727,2.2401884888788275,0.7076228434305144,6.05734696404648,6.0327996245922355,6.008252285137991,2.1867035087301416,0
2022-05-05 12:00:00-04:00,1.0288276745675848,44.61730808264303,2.7979542950603324,0.04362396515759337,6.056724230161762,6.034746008233564,6.012767786305367,-1.5104662226450918,0
2022-05-09 12:00:00-04:00,1.0163739208097646,38.910979619562596,3.0360491024192116,-2.1738569810326345,6.0583085907460665,6.025035551198504,5.991762511650941,-3.234553089382128,0
2022-05-11 15:00:00-04:00,1.042441140024783,36.67099794699438,2.7248396753195894,-2.187889411892419,6.0049962303868805,5.992612207598048,5.980228184809216,-4.98639635952134,0
2022-05-12 15:00:00-04:00,1.0221756068324843,32.031731189921395,2.7713795420153593,-2.8792919158729653,6.007065761233646,5.983425604384619,5.959785447535593,-7.148836430604383,1
2022-05-13 11:00:00-04:00,1.0540816326530613,56.200065589748924,2.8885029980897032,-1.541915910890057,6.007554498255024,5.983264186137946,5.958973874020868,-3.2153875819514015,0
2022-05-18 16:00:00-04:00,1.0587475790832794,36.46910913418502,1.81861236001534,-1.1852603267406883,6.021354297584788,5.995533331977993,5.969712366371198,-2.4807165961681936,0
2022-05-20 14:00:00-04:00,1.030510585305106,31.970317204122274,2.037590851635614,-2.612131001411378,6.002449828866027,5.972177578607781,5.941905328349534,-2.520515826494721,1
2022-05-23 11:00:00-04:00,1.0466712422786548,56.341010618951195,2.180110217785532,-1.3077666254883922,5.987426657889367,5.967560547604057,5.947694437318747,-1.2348142789432954,1
2022-05-26 11:00:00-04:00,1.0552124954594988,67.03717664053586,1.7646152096832026,1.2634829802006098,6.00198699111019,5.981730839128231,5.961474687146271,2.482314460305794,1
2022-05-27 13:00:00-04:00,1.0881447267128561,75.20438893334752,1.1851849755013375,2.8426571929057602,6.032102801829848,5.999269970020494,5.96643713821114,5.781859224297152,0
2022-06-10 10:00:00-04:00,1.0361694798484327,16.039043532417686,1.4257980306116789,-1.9564857867263683,6.0470486863616495,6.018774051534952,5.990499416708254,-5.701309368507519,0
2022-06-13 11:00:00-04:00,0.9985207100591716,15.066041854761417,1.9012838891503772,-4.734156182089943,6.049580808474917,5.99248946809308,5.935398127711243,-8.29870477023644,0
2022-06-16 12:00:00-04:00,1.0227272727272727,32.17329968112212,2.568040849125901,-3.082922913771014,5.948164142236736,5.928992558536953,5.909820974837169,-10.541684917506203,1
2022-06-21 11:00:00-04:00,1.032934131736527,54.4030317078264,2.2395233625295994,-1.56593617395435,5.943491993332464,5.916335845940049,5.8891796985476335,-4.1683694319574975,1
2022-06-24 11:00:00-04:00,1.0495121069750633,71.38698320736584,1.4383334593481953,1.2458714188188664,5.952687156319227,5.934975089198518,5.917263022077808,2.509008054260287,0
2022-06-30 11:00:00-04:00,1.0248891919536312,40.75589627793521,1.301056867219406,-0.955509834869151,5.9727891448012915,5.9501061166249105,5.9274230884485295,0.050388522025087576,1
2022-07-06 16:00:00-04:00,1.0617283950617284,57.435195474426195,1.1202699499780584,0.5661673916805993,5.957486074994728,5.941496283716228,5.925506492437728,-0.6376856676257822,0
2022-07-14 11:00:00-04:00,1.0629067245119306,34.29845211790348,1.150996129023329,-1.5177941978457838,5.965298515206907,5.945780101295012,5.926261687383118,-1.872197603377294,1
2022-07-15 11:00:00-04:00,1.111111111111111,59.117496753573974,1.1533474015599987,-0.5200338305335893,5.958590395694236,5.940472295055036,5.922354194415837,-0.7794352965467356,1
2022-07-19 15:00:00-04:00,1.1110655737704918,67.50162027879838,0.5938245041852915,1.3627185433100406,5.974600041556752,5.959724942373884,5.944849843191016,2.3527261332776397,1
2022-07-27 16:00:00-04:00,1.0877042132416164,65.35863403059957,0.6672711371918507,0.8508271005894298,5.996749393365434,5.98071512086633,5.964680848367227,1.4727093296895146,1
2022-07-29 11:00:00-04:00,1.1013296652911508,67.81211013980794,0.8386465388475688,2.2407419715257304,6.024173673832095,5.993689438278288,5.963205202724481,2.94525556648259,1
2022-08-10 11:00:00-04:00,1.1800900450225114,68.21031407115595,0.6088094714289919,0.36767136202500295,6.037477087444615,6.026182059081554,6.014887030718493,2.0962676210649227,1
2022-08-15 13:00:00-04:00,1.1680883090817864,74.20799408035299,0.14301355747781244,1.7691562862113959,6.064445277947304,6.051321473660443,6.038197669373582,3.905454545454549,0
2022-08-22 11:00:00-04:00,1.0983746792130027,22.18120508598899,0.4286559565880835,-1.3967547145574055,6.0713045955128,6.052957423086436,6.034610250660072,-2.261111241962448,0
2022-08-29 10:00:00-04:00,1.0220700152207,24.578350005058386,0.676760978840302,-1.7509976793865092,6.045818152352673,6.025427567556937,6.005036982761201,-4.53867815139969,0
2022-09-01 11:00:00-04:00,1.018054532056006,17.08793664199056,0.9387346206784455,-2.4490601170352875,6.006920866028178,5.989728653263739,5.972536440499299,-5.25958601968103,1
2022-09-02 12:00:00-04:00,1.0659707724425889,49.799722941306854,0.9842073704707232,-1.013798898654945,5.998215715340342,5.984624544393124,5.971033373445906,-4.396421461636242,0
2022-09-02 15:00:00-04:00,1.0425947635795232,37.1356865152023,1.0772301519591148,-1.2469417936317748,5.996912095311757,5.98289861648929,5.968885137666824,-5.36071540482561,1
2022-09-09 11:00:00-04:00,1.0958005249343832,69.26495624517692,1.1751444035087235,1.1856314786725306,6.007806879757579,5.9855416401880985,5.963276400618618,2.130499383011417,0
2022-09-13 16:00:00-04:00,1.026035936927026,32.785697443443965,1.0632709537123306,-0.8608440205462579,6.034420040326455,6.005178876917528,5.975937713508601,0.2729313335373924,0
2022-09-16 11:00:00-04:00,1.0375994215473607,29.936126492237314,1.536725562328251,-2.267420055285803,5.993454049937104,5.974875380954286,5.956296711971468,-3.91842461291777,0
2022-09-22 11:00:00-04:00,1.0192788289896466,26.63315494454743,1.4911097033679515,-1.841283740253959,5.971696677711585,5.951991004351324,5.932285330991063,-5.240506329113922,0
2022-09-23 15:00:00-04:00,0.9919871794871795,26.905722412717914,1.3838511053285043,-3.2642091184993274,5.969414731264808,5.930595429545209,5.891776127825609,-4.699820438754002,1
2022-10-04 11:00:00-04:00,1.0167865707434052,69.15066308825423,1.5213354056435713,1.0171375242867324,5.927468854468605,5.901445129504822,5.875421404541038,3.7561525558885713,0
2022-10-07 11:00:00-04:00,1.015044814340589,37.47908976454114,1.4064154478085877,-0.02795199912638887,5.945696778999656,5.928048588840401,5.910400398681146,1.1334420700522394,0
2022-10-10 14:00:00-04:00,1.0051940116101437,34.88189939659695,1.1325468704029316,-2.064754207250857,5.944444223379848,5.909197013956165,5.873949804532482,0.9630998376168872,0
2022-10-13 11:00:00-04:00,0.9971927635683093,49.82793762147988,1.798151496231504,-1.418067476148326,5.897292606495209,5.885315713007601,5.873338819519993,-4.341015293118088,1
2022-10-13 13:00:00-04:00,0.9971698113207548,58.543489227623425,1.9923839511243198,-0.7461841415796122,5.900758109594893,5.886278520733725,5.871798931872558,-3.4902768970619413,1
2022-10-18 11:00:00-04:00,1.0022102936532995,59.471445825409134,1.8477162654278132,1.1633695996800124,5.921916441186192,5.900888166864894,5.879859892543595,2.713243077608783,1
2022-10-24 16:00:00-04:00,1.0157401205626255,68.61288545954201,1.0508887883482705,1.7773502737876594,5.947798475288444,5.921710478335382,5.89562248138232,3.4062994704951195,1
2022-10-26 13:00:00-04:00,1.0353662937567665,62.11103965300696,0.82016042654656,2.2627470323259504,5.966284314435812,5.945267284364382,5.924250254292952,3.648707129719775,0
2022-11-03 10:00:00-04:00,1.0508083140877598,30.159995266370515,1.4801014983330236,-1.2006972696240694,5.9732794528571524,5.9518868706449215,5.9304942884326906,-3.518811009554381,1
2022-11-04 12:00:00-04:00,1.0651649235720033,39.64852906479803,1.5991200602908078,-1.7880037720776545,5.964988090459954,5.936860459305758,5.908732828151562,-2.073097033553164,1
2022-11-07 16:00:00-05:00,1.0779967159277506,56.14717363986757,0.9846442140309454,-0.11281701120384195,5.94553676273599,5.929969652320237,5.914402541904484,-1.9129985800955271,1
2022-11-10 11:00:00-05:00,1.1179039301310045,67.02919985030486,1.7857863640336438,0.721573058263927,5.966185424983865,5.94442756390267,5.922669702821474,2.2608331588863266,1
2022-11-11 16:00:00-05:00,1.1429840142095915,70.95727309907159,1.0660574639147073,2.9684578228418133,6.010717894413063,5.966295361853291,5.921872829293519,6.482471141513464,0
2022-11-17 11:00:00-05:00,1.0675071167141115,38.98390098237809,0.8946018090907657,-0.03216104495223076,5.999742470445362,5.986649167535438,5.973555864625514,3.695260311737885,1
2022-11-22 15:00:00-05:00,1.1180587960802613,65.68566828010835,0.14562810227265366,0.5363742676069305,5.991847022404897,5.983193644834662,5.974540267264427,-0.5130631864710723,1
2022-12-01 10:00:00-05:00,1.1412887828162293,66.1511848168035,0.8176542281433674,0.7813843347426184,6.008307465177853,5.987244551755752,5.966181638333651,2.709209792690962,0
2022-12-05 14:00:00-05:00,1.1472684085510687,38.39013972997466,0.621390987663645,0.02979300928511197,6.018434077165631,6.006142174221912,5.993850271278193,-0.8550832711906532,1
2022-12-13 11:00:00-05:00,1.08,71.60971655388204,0.8116564132246961,0.7516797368910134,6.000828860111916,5.986073465697895,5.971318071283873,1.0540513537815892,0
